Frequency (GHz),Avg_Median,Avg_5_Sigma_Away
1.0,-65.49035978835978,-60.65505114638448
1.02727272727273,-66.41961904761904,-60.3746278659612
1.05454545454545,-66.94124867724868,-62.67703350970018
1.08181818181818,-66.46542857142857,-58.320790123456796
1.10909090909091,-67.33414814814815,-60.36358377425044
1.13636363636364,-68.36260317460317,-64.71807054673721
1.16363636363636,-69.47440211640212,-65.7969241622575
1.19090909090909,-69.89283597883598,-65.77579894179894
1.21818181818182,-68.43398941798941,-64.41781657848325
1.24545454545455,-69.22982010582011,-65.40281834215168
1.27272727272727,-68.80797883597884,-65.18976014109347
1.3,-68.20395767195768,-63.93258201058201
1.32727272727273,-68.52815873015874,-64.66985185185186
1.35454545454545,-55.75552380952381,-51.57250793650793
1.38181818181818,-68.14404232804233,-64.39249029982363
1.40909090909091,-67.70429629629629,-64.7527971781305
1.43636363636364,-69.44184126984126,-66.9862504409171
1.46363636363636,-70.21885714285715,-67.48945679012346
1.49090909090909,-70.6741798941799,-67.82410934744267
1.51818181818182,-70.2891746031746,-68.00204938271605
1.54545454545455,-69.98971428571429,-67.6450405643739
1.57272727272727,-68.58620105820106,-66.91004585537918
1.6,-67.99062433862433,-57.320941798941796
1.62727272727273,-26.705407407407407,-22.020186948853613
1.65454545454545,-69.7773015873016,-67.4716402116402
1.68181818181818,-69.84420105820107,-68.02058553791886
1.70909090909091,-69.5502962962963,-67.66948500881834
1.73636363636364,-69.89803174603175,-68.05498059964727
1.76363636363636,-70.28248677248676,-68.44664902998235
1.79090909090909,-70.10262433862434,-67.96197178130511
1.81818181818182,-70.43322751322751,-68.67904761904762
1.84545454545455,-69.68973544973545,-68.04241622574956
1.87272727272727,-69.97172486772487,-68.49830335097002
1.9,-69.80539682539683,-68.03564373897707
1.92727272727273,-69.68084656084656,-67.86873015873016
1.95454545454545,-69.61463492063491,-67.83077248677249
1.98181818181818,-69.45382010582011,-67.70576014109348
2.00909090909091,-70.03343915343915,-68.4668077601411
2.03636363636364,-69.79407407407408,-67.97218694885362
2.06363636363636,-70.37814814814814,-68.35269841269842
2.09090909090909,-70.26657142857142,-68.55784126984128
2.11818181818182,-70.78685714285714,-69.27491710758378
2.14545454545455,-70.70918518518519,-69.30362962962963
2.17272727272727,-70.85977777777778,-68.63034215167549
2.2,-70.52784126984128,-68.84106878306878
2.22727272727273,-70.72573544973545,-67.97559435626103
2.25454545454545,-70.70524867724868,-68.94674779541445
2.28181818181818,-70.71508994708995,-69.06729453262786
2.30909090909091,-70.61755555555555,-69.10801410934745
2.33636363636364,-70.97683597883598,-69.70424338624339
2.36363636363636,-70.80284656084656,-69.52057142857143
2.39090909090909,-70.78384126984128,-60.10207760141093
2.41818181818182,-69.09934391534391,-55.06634567901235
2.44545454545455,-69.0790582010582,-56.64533686067019
2.47272727272727,-69.07689947089946,-55.30197883597884
2.5,-70.8986455026455,-69.00347795414461
2.52727272727273,-70.91289947089948,-69.24595061728395
2.55454545454545,-70.98741798941799,-69.57357319223986
2.58181818181818,-70.86201058201058,-69.54287477954144
2.60909090909091,-71.25614814814816,-70.19096296296297
2.63636363636364,-71.17960846560847,-69.78375308641976
2.66363636363636,-72.14655026455027,-70.7709770723104
2.69090909090909,-71.85333333333334,-70.3216049382716
2.71818181818182,-72.55365079365079,-71.49218694885361
2.74545454545455,-72.41792592592593,-71.42334038800706
2.77272727272727,-72.60024338624339,-71.19892063492063
2.8,-72.08793650793652,-70.6431040564374
2.82727272727273,-72.06205291005291,-70.62325220458554
2.85454545454545,-71.66179894179893,-70.37042328042328
2.88181818181818,-71.74390476190476,-70.62178835978835
2.90909090909091,-71.36850793650794,-70.28940740740741
2.93636363636364,-72.21334391534391,-71.24715343915344
2.96363636363636,-71.8575873015873,-70.86513580246914
2.99090909090909,-72.86130158730158,-71.91594003527337
3.01818181818182,-72.82915343915343,-71.83047619047619
3.04545454545455,-73.22421164021164,-72.4271569664903
3.07272727272727,-72.91873015873016,-71.62199294532628
3.1,-72.73655026455027,-71.24953086419754
3.12727272727273,-72.64987301587301,-71.5398201058201
3.15454545454545,-72.6535238095238,-71.46728042328043
3.18181818181818,-72.56880423280424,-71.20968606701939
3.20909090909091,-72.93671957671958,-71.87522045855378
3.23636363636364,-66.34790476190477,-58.011537918871255
3.26363636363636,-71.53481481481481,-64.42539682539682
3.29090909090909,-73.22994708994709,-71.95458553791887
3.31818181818182,-72.90025396825396,-71.97598589065255
3.34545454545455,-72.82974603174603,-70.58780599647265
3.37272727272727,-72.66410582010582,-71.58835626102294
3.4,-72.6965291005291,-71.57305467372134
3.42727272727273,-72.6484126984127,-71.30183421516755
3.45454545454545,-72.46881481481482,-71.23107231040565
3.48181818181818,-72.86119576719577,-71.7871746031746
3.50909090909091,-72.79154497354497,-71.8348253968254
3.53636363636364,-73.72158730158729,-72.80848324514992
3.56363636363636,-73.52463492063492,-72.63971428571429
3.59090909090909,-74.00801058201058,-73.09368959435626
3.61818181818182,-73.78790476190477,-72.96672310405643
3.64545454545455,-73.7334708994709,-72.97329453262786
3.67272727272727,-73.53795767195767,-72.22772839506172
3.7,-73.00319576719576,-71.06677601410934
3.72727272727273,-73.17585185185186,-71.96170723104056
3.75454545454545,-72.58653968253968,-71.48147795414462
3.78181818181818,-72.46825396825396,-71.28971781305114
3.80909090909091,-72.24311111111112,-71.17778483245151
3.83636363636364,-72.13295238095239,-70.9003597883598
3.86363636363636,-72.71078306878307,-71.64632098765432
3.89090909090909,-72.79860317460317,-71.77592239858906
3.91818181818182,-72.94186243386244,-71.93618342151676
3.94545454545455,-73.1385291005291,-72.33994003527337
3.97272727272727,-72.97471957671958,-72.03586596119929
4.0,-73.06630687830688,-71.88547795414462
4.02727272727273,-73.26871957671958,-72.05374603174603
4.05454545454545,-73.40312169312169,-72.2683774250441
4.08181818181818,-73.61265608465608,-72.51727689594355
4.10909090909091,-73.6273544973545,-72.57012345679013
4.13636363636364,-74.09359788359788,-73.19804232804233
4.16363636363636,-74.36373544973544,-73.52486419753087
4.19090909090909,-74.64661375661375,-73.72924162257495
4.21818181818182,-74.71839153439153,-73.8360458553792
4.24545454545455,-74.39571428571429,-72.01541446208113
4.27272727272727,-74.38278306878307,-71.53008465608465
4.3,-74.3376507936508,-71.33077248677249
4.32727272727273,-74.04720634920635,-70.82621869488537
4.35454545454545,-74.11184126984128,-70.6299365079365
4.38181818181818,-73.8275343915344,-72.27882186948854
4.40909090909091,-74.27522751322752,-73.10905467372135
4.43636363636364,-74.11789417989418,-73.18671252204585
4.46363636363636,-74.56851851851852,-73.08985890652558
4.49090909090909,-74.77691005291005,-73.92578130511464
4.51818181818182,-74.92203174603175,-74.10455379188713
4.54545454545454,-75.29344973544973,-74.5458659611993
4.57272727272727,-75.15015873015872,-74.32137566137565
4.6,-75.30986243386243,-74.30991534391535
4.62727272727273,-75.16849735449735,-74.11606349206349
4.65454545454545,-75.19496296296296,-74.14014814814814
4.68181818181818,-75.3083597883598,-74.32412698412699
4.70909090909091,-74.92534391534392,-73.97015873015873
4.73636363636364,-75.13663492063492,-74.35769312169312
4.76363636363636,-74.99203174603176,-74.20584126984127
4.79090909090909,-75.2741798941799,-74.45753086419754
4.81818181818182,-75.3614708994709,-74.29425749559083
4.84545454545455,-75.10621164021164,-71.84956261022927
4.87272727272727,-74.52645502645503,-71.33820105820107
4.9,-75.43332275132275,-74.34630335097002
4.92727272727273,-75.62597883597883,-74.71026455026455
4.95454545454545,-75.96192592592593,-74.99571781305114
4.98181818181818,-75.85900529100529,-74.99009876543211
5.00909090909091,-76.14082539682539,-75.28743915343915
5.03636363636364,-76.14907936507936,-75.43652204585538
5.06363636363636,-76.42256084656084,-75.73670546737213
5.09090909090909,-76.49737566137567,-75.8028430335097
5.11818181818182,-76.44757671957672,-75.767012345679
5.14545454545455,-76.46407407407408,-75.7021164021164
5.17272727272727,-76.38713227513227,-74.4199541446208
5.2,-76.4724126984127,-73.88996119929453
5.22727272727273,-76.46742857142857,-73.6339188712522
5.25454545454545,-76.15076190476191,-63.660444444444444
5.28181818181818,-76.46366137566137,-75.64334391534392
5.30909090909091,-76.12687830687831,-75.25968253968254
5.33636363636364,-76.55028571428572,-75.90959788359788
5.36363636363636,-73.98223280423281,-73.07406701940035
5.39090909090909,-74.01262433862433,-71.74978483245151
5.41818181818182,-74.27344973544974,-72.62738271604938
5.44545454545455,-73.8829417989418,-73.01287125220459
5.47272727272727,-74.27748148148147,-73.36344268077602
5.5,-73.79956613756615,-72.67270546737213
5.52727272727273,-73.5996507936508,-72.31100881834216
5.55454545454545,-73.5076507936508,-72.23371781305114
5.58181818181818,-73.62479365079365,-72.39225396825397
5.60909090909091,-73.46212698412698,-72.46784126984127
5.63636363636364,-73.22592592592594,-72.32855379188712
5.66363636363636,-73.32493121693122,-72.35092768959436
5.69090909090909,-73.85371428571429,-72.99680070546738
5.71818181818182,-73.86409523809525,-73.0091040564374
5.74545454545455,-74.23833862433862,-71.70276543209877
5.77272727272727,-74.19219047619048,-71.75342504409171
5.8,-73.74548148148149,-71.51779188712521
5.82727272727273,-73.85280423280423,-72.08100529100528
5.85454545454545,-73.79853968253968,-72.73989770723104
5.88181818181818,-73.80513227513228,-72.84019400352734
5.90909090909091,-73.82511111111111,-73.00809171075838
5.93636363636364,-73.87468783068783,-73.09311816578483
5.96363636363636,-74.32178835978836,-73.46429276895944
5.99090909090909,-74.0646455026455,-73.1377319223986
6.01818181818182,-74.20353439153439,-73.35961904761905
6.04545454545454,-74.25390476190476,-73.54192945326278
6.07272727272727,-74.17263492063492,-73.44277601410934
6.1,-74.32435978835979,-73.31959788359788
6.12727272727273,-74.52078306878308,-73.25820811287478
6.15454545454545,-74.83462433862434,-73.67818694885361
6.18181818181818,-74.6059470899471,-73.58771075837743
6.20909090909091,-74.735291005291,-73.80818342151674
6.23636363636364,-74.69673015873016,-73.79590123456789
6.26363636363636,-74.53110052910053,-73.69561552028219
6.29090909090909,-74.30860317460318,-73.46484656084655
6.31818181818182,-74.48542857142857,-73.68301234567902
6.34545454545454,-74.54931216931217,-73.79038800705467
6.37272727272727,-75.11139682539682,-74.36742857142858
6.4,-75.38432804232805,-74.57268783068783
6.42727272727273,-75.38983068783068,-74.46242328042328
6.45454545454545,-75.47364021164022,-74.4572380952381
6.48181818181818,-75.78393650793652,-74.78973897707232
6.50909090909091,-75.39650793650794,-74.42252204585537
6.53636363636364,-75.51233862433862,-74.6300634920635
6.56363636363636,-75.34896296296296,-74.54379541446208
6.59090909090909,-75.69993650793651,-74.88928395061728
6.61818181818182,-76.01118518518518,-75.22404232804233
6.64545454545455,-75.97107936507936,-75.20432451499119
6.67272727272727,-76.00166137566137,-75.17986243386244
6.7,-76.070708994709,-75.17619400352733
6.72727272727273,-75.69937566137567,-74.75847619047619
6.75454545454545,-75.64980952380952,-74.72464197530864
6.78181818181818,-75.02207407407408,-74.12410229276895
6.80909090909091,-75.09246560846562,-74.26020811287478
6.83636363636364,-75.26180952380952,-74.47708289241622
6.86363636363636,-75.53084656084656,-74.74368606701941
6.89090909090909,-75.8131216931217,-75.01063492063493
6.91818181818182,-76.05110052910052,-75.24665608465608
6.94545454545455,-75.9708783068783,-75.22336507936508
6.97272727272727,-76.23587301587301,-75.51479717813051
7.0,-76.19032804232805,-75.34711816578483
7.02727272727273,-76.42422222222223,-75.59074779541446
7.05454545454545,-76.30794708994709,-75.42939329805996
7.08181818181818,-76.15514285714286,-75.34828218694886
7.10909090909091,-76.31610582010582,-75.5433544973545
7.13636363636364,-76.1305291005291,-75.323139329806
7.16363636363636,-76.38368253968254,-75.56567548500882
7.19090909090909,-76.50201058201058,-75.66402116402116
7.21818181818182,-76.48144973544974,-75.66531216931217
7.24545454545455,-76.69514285714286,-75.93041622574955
7.27272727272727,-76.58335449735449,-75.85450088183421
7.3,-76.63133333333333,-75.84777072310405
7.32727272727273,-76.67031746031746,-75.80862433862434
7.35454545454545,-76.55187301587301,-75.65409523809524
7.38181818181818,-76.56113227513228,-75.64481834215167
7.40909090909091,-76.44161904761906,-75.60999647266314
7.43636363636364,-76.28773544973545,-75.474860670194
7.46363636363636,-76.26631746031747,-75.46582363315697
7.49090909090909,-76.21951322751322,-75.39771428571429
7.51818181818182,-76.13688888888889,-75.34112169312169
7.54545454545454,-76.20357671957672,-75.43625749559082
7.57272727272727,-76.00108994708995,-75.29456437389771
7.6,-76.23107936507937,-75.541291005291
7.62727272727273,-76.22340740740741,-75.50028571428571
7.65454545454545,-75.58197883597884,-74.93002116402116
7.68181818181818,-75.08004232804232,-74.42376366843034
7.70909090909091,-74.83924867724868,-74.20688536155203
7.73636363636364,-72.69275132275132,-65.12178130511464
7.76363636363636,-73.544,-71.16902645502645
7.79090909090909,-73.82782010582011,-73.05005996472663
7.81818181818182,-73.59084656084656,-72.97040564373897
7.84545454545454,-73.08760846560847,-72.44423985890653
7.87272727272727,-73.16137566137566,-72.6131040564374
7.9,-72.81477248677248,-72.28999294532628
7.92727272727273,-72.93969312169313,-72.40092768959435
7.95454545454545,-72.71987301587302,-72.15248324514991
7.98181818181818,-72.97504761904761,-72.39781657848324
8.00909090909091,-73.09061375661376,-72.48812698412698
8.03636363636364,-73.39591534391535,-72.77972486772487
8.06363636363636,-73.66892063492064,-73.04735097001765
8.09090909090909,-73.96067724867724,-73.32078306878307
8.11818181818182,-74.202,-73.57716754850088
8.14545454545454,-74.53359788359789,-73.90245149911817
8.17272727272727,-74.55857142857143,-73.93733686067019
8.2,-74.82263492063491,-74.1825114638448
8.22727272727273,-74.72030687830689,-74.098860670194
8.25454545454545,-74.76433862433862,-74.16028218694885
8.28181818181818,-73.96566137566138,-57.48409171075838
8.30909090909091,-73.80224338624339,-55.836828924162255
8.33636363636364,-74.58179894179894,-73.62465608465608
8.36363636363636,-74.55085714285714,-73.89949911816578
8.39090909090909,-74.4003597883598,-73.75505114638447
8.41818181818182,-74.45562962962963,-73.8139188712522
8.44545454545455,-74.18540740740741,-73.5474885361552
8.47272727272727,-74.23742857142857,-73.58686419753086
8.5,-74.14239153439154,-73.52995767195767
8.52727272727273,-74.13928042328043,-73.4986455026455
8.55454545454545,-74.04598941798942,-73.43785890652556
8.58181818181818,-74.17140740740741,-73.55911463844798
8.60909090909091,-74.18255026455027,-73.57655379188712
8.63636363636364,-74.38224338624339,-73.79428924162256
8.66363636363636,-74.4862962962963,-73.89590828924162
8.69090909090909,-74.68765079365079,-74.09837389770723
8.71818181818182,-74.5611111111111,-73.96402116402116
8.74545454545455,-74.56027513227514,-74.0027971781305
8.77272727272727,-74.39573544973545,-73.85991534391535
8.8,-74.33325925925926,-73.79572839506173
8.82727272727273,-74.0962328042328,-73.55318165784833
8.85454545454546,-74.10550264550265,-73.55349206349207
8.88181818181818,-74.05632804232805,-73.4882151675485
8.90909090909091,-74.21624338624339,-73.62723104056438
8.93636363636364,-74.27630687830688,-73.68907583774251
8.96363636363636,-74.39284656084656,-73.78245855379188
8.99090909090909,-74.44576719576719,-73.84589065255732
9.01818181818182,-74.42728042328042,-73.82429982363315
9.04545454545454,-74.38019047619048,-73.77812698412698
9.07272727272727,-74.34050793650793,-73.74775661375662
9.1,-74.19848677248677,-73.62531216931217
9.12727272727273,-74.20156613756613,-73.6566807760141
9.15454545454545,-74.17691005291005,-73.63091358024691
9.18181818181818,-74.25184126984126,-73.70766137566137
9.20909090909091,-74.39277248677249,-73.72645855379189
9.23636363636364,-74.63577777777778,-73.96255026455027
9.26363636363636,-74.74367195767196,-74.11506525573192
9.29090909090909,-74.87590476190476,-73.96057848324514
9.31818181818182,-74.90596825396825,-73.48873721340388
9.34545454545455,-74.88150264550264,-73.21845149911817
9.37272727272727,-74.81209523809524,-71.91798589065256
9.4,-74.68956613756613,-72.1425467372134
9.42727272727273,-74.51892063492063,-73.47495238095237
9.45454545454545,-74.29348148148148,-73.3461798941799
9.48181818181818,-74.2397671957672,-73.40782716049382
9.50909090909091,-74.25967195767196,-73.65505114638448
9.53636363636364,-74.4512380952381,-73.86568253968254
9.56363636363636,-74.81639153439154,-74.24418694885361
9.59090909090909,-75.01389417989418,-74.45465255731922
9.61818181818182,-75.23637037037038,-74.64333686067019
9.64545454545454,-75.20159788359788,-74.59925220458554
9.67272727272727,-75.15857142857142,-74.50393298059964
9.7,-75.03289947089948,-74.38709700176366
9.72727272727273,-74.95717460317461,-74.30788007054674
9.75454545454545,-74.90824338624338,-74.29175308641975
9.78181818181818,-75.03151322751323,-74.44953791887124
9.80909090909091,-75.15336507936509,-74.53964373897708
9.83636363636364,-75.35271957671958,-74.81296649029983
9.86363636363636,-75.4290582010582,-74.88059259259259
9.89090909090909,-75.42995767195768,-74.85897001763668
9.91818181818182,-75.27372486772487,-74.66585890652557
9.94545454545455,-75.10172486772487,-74.46283597883598
9.97272727272727,-74.7522328042328,-74.09191534391535
10.0,-74.62266666666666,-73.9454356261023
10.02727272727273,-74.30754497354498,-73.61378835978836
10.05454545454545,-74.252708994709,-73.57101587301588
10.08181818181818,-74.17049735449736,-73.54007407407407
10.10909090909091,-74.38415873015873,-73.81334744268078
10.13636363636364,-74.42103703703704,-73.72422927689595
10.16363636363636,-74.79761904761905,-74.2026631393298
10.19090909090909,-74.75522751322751,-74.26173544973545
10.21818181818182,-74.73160846560846,-74.21726984126984
10.24545454545454,-74.3555238095238,-73.807569664903
10.27272727272727,-74.17544973544973,-73.61372134038801
10.3,-73.89608465608465,-73.32973544973545
10.32727272727273,-73.69833862433863,-73.13274779541446
10.35454545454545,-73.67307936507936,-73.12722398589065
10.38181818181818,-73.65258201058201,-73.14081834215168
10.40909090909091,-73.63457142857142,-73.14667019400352
10.43636363636364,-73.9476507936508,-73.53205996472663
10.46363636363636,-73.7454708994709,-73.34959788359788
10.49090909090909,-73.87202116402116,-73.47553086419754
10.51818181818182,-73.42402116402116,-72.98724867724867
10.54545454545454,-73.38289947089947,-72.91923104056437
10.57272727272727,-72.97385185185186,-72.46679717813052
10.6,-72.85216931216931,-72.319417989418
10.62727272727273,-72.89205291005291,-72.39330511463845
10.65454545454545,-72.80325925925926,-72.29775661375662
10.68181818181818,-73.00589417989418,-72.55097354497354
10.70909090909091,-73.1460529100529,-72.73376014109348
10.73636363636364,-73.20603174603175,-72.82044091710759
10.76363636363636,-73.50692063492065,-73.15873721340388
10.79090909090909,-73.35986243386243,-73.00159082892417
10.81818181818182,-73.29564021164022,-72.93558730158729
10.84545454545455,-73.01696296296296,-72.62197178130512
10.87272727272727,-72.54837037037036,-72.15307936507936
10.9,-72.36492063492064,-71.95555555555556
10.92727272727273,-71.79502645502646,-71.40389770723104
10.95454545454545,-71.82828571428571,-71.46996119929453
10.98181818181818,-71.62510052910054,-71.28114991181658
11.00909090909091,-71.81468783068783,-71.50091358024692
11.03636363636364,-72.23960846560847,-71.93641622574955
11.06363636363636,-72.50442328042328,-72.18532275132274
11.09090909090909,-73.02320634920635,-72.71488183421516
11.11818181818182,-73.19877248677248,-72.8136225749559
11.14545454545454,-73.05847619047618,-72.66142151675486
11.17272727272727,-73.32004232804232,-72.89730864197531
11.2,-73.17637037037038,-72.71525925925926
11.22727272727273,-73.6060634920635,-73.16380599647266
11.25454545454545,-73.82766137566138,-73.40856084656085
11.28181818181818,-73.89801058201058,-73.48275485008818
11.30909090909091,-74.16154497354496,-73.80972839506173
11.33636363636364,-73.87459259259259,-73.53483950617284
11.36363636363636,-73.77316402116402,-73.4472557319224
11.39090909090909,-73.55633862433862,-73.20940740740741
11.41818181818182,-73.09497354497356,-72.74485008818343
11.44545454545455,-73.03797883597883,-72.69972486772487
11.47272727272727,-72.40078306878307,-72.01408112874779
11.5,-72.30063492063492,-71.94022927689595
11.52727272727273,-71.9708253968254,-71.60107231040566
11.55454545454545,-71.99256084656085,-71.63063844797179
11.58181818181818,-72.21376719576719,-71.89755908289241
11.60909090909091,-72.44889947089948,-72.1106807760141
11.63636363636364,-72.63902645502645,-72.36184832451498
11.66363636363636,-72.71964021164021,-72.43992239858906
11.69090909090909,-72.4432380952381,-72.1521798941799
11.71818181818182,-72.46786243386244,-72.16994356261023
11.74545454545454,-71.90093121693121,-71.55461728395062
11.77272727272727,-72.0186455026455,-71.67741093474427
11.8,-71.89808465608465,-71.51210582010582
11.82727272727273,-72.17492063492064,-71.79629629629629
11.85454545454545,-72.5971216931217,-72.2287266313933
11.88181818181818,-72.97056084656084,-72.60629276895943
11.90909090909091,-73.34602116402117,-73.00466313932981
11.93636363636364,-73.64863492063492,-73.33217989417989
11.96363636363636,-73.54938624338625,-73.2507442680776
11.99090909090909,-73.6396507936508,-73.34585890652558
12.01818181818182,-73.33174603174604,-73.00077601410935
12.04545454545454,-73.38183068783069,-73.04793298059964
12.07272727272727,-73.3153544973545,-72.93796472663139
12.1,-73.37748148148148,-73.00820458553791
12.12727272727273,-73.68358730158731,-73.31993650793652
12.15454545454545,-73.7365291005291,-73.37321340388007
12.18181818181818,-73.98179894179894,-73.62610229276896
12.20909090909091,-74.37689947089947,-74.03880423280424
12.23636363636364,-74.3574708994709,-74.02646560846561
12.26363636363636,-74.61089947089947,-74.30529100529101
12.29090909090909,-74.31552380952381,-73.97832804232804
12.31818181818182,-74.16048677248678,-73.84554850088183
12.34545454545455,-74.0642328042328,-73.71167548500881
12.37272727272727,-73.66487830687831,-73.3169417989418
12.4,-73.63412698412698,-73.29765432098765
12.42727272727273,-73.05233862433862,-72.71944620811287
12.45454545454545,-72.81430687830688,-72.50122045855379
12.48181818181818,-72.52938624338624,-72.24861022927689
12.50909090909091,-72.17243386243386,-71.89768959435627
12.53636363636364,-72.07489947089948,-71.82378835978835
12.56363636363636,-71.91455026455027,-71.67797178130512
12.59090909090909,-71.84579894179895,-71.61377072310405
12.61818181818182,-71.83842328042327,-71.5984938271605
12.64545454545454,-71.68391534391534,-71.44495590828924
12.67272727272727,-71.58390476190476,-71.34586243386244
12.7,-71.11392592592593,-70.74701234567901
12.72727272727273,-70.78330158730158,-70.54540035273368
12.75454545454545,-70.10617989417989,-69.86746737213403
12.78181818181818,-69.52604232804234,-69.29149206349207
12.80909090909091,-68.83348148148148,-68.59231746031746
12.83636363636364,-76.27602116402116,-75.81115343915344
12.86363636363636,-76.05638095238096,-75.61027865961199
12.89090909090909,-76.6099470899471,-76.18202821869488
12.91818181818182,-76.52080423280424,-76.09020458553792
12.94545454545455,-77.10407407407408,-76.6705467372134
12.97272727272727,-76.80871957671958,-76.32549206349206
13.0,-77.16832804232804,-76.67963315696649
13.02727272727273,-76.99315343915345,-76.48221869488536
13.05454545454545,-77.00677248677249,-76.51303350970018
13.08181818181818,-77.25066666666667,-76.78474074074074
13.10909090909091,-77.07063492063492,-76.60059964726632
13.13636363636363,-76.94097354497355,-76.47965079365079
13.16363636363636,-77.20233862433862,-76.76479012345679
13.19090909090909,-76.81778835978835,-76.394860670194
13.21818181818182,-77.12669841269842,-76.71666313932981
13.24545454545454,-76.5402328042328,-75.8996684303351
13.27272727272727,-76.78549206349207,-76.23180599647266
13.3,-76.43958730158731,-75.34741798941799
13.32727272727273,-76.44724867724868,-75.9589241622575
13.35454545454545,-76.51033862433863,-76.0233721340388
13.38181818181818,-76.3479470899471,-75.86470194003527
13.40909090909091,-76.49531216931217,-76.02524162257495
13.43636363636364,-76.82243386243387,-76.346860670194
13.46363636363636,-76.9235873015873,-76.47014814814816
13.49090909090909,-77.1866560846561,-76.79374603174602
13.51818181818182,-76.96807407407408,-73.10327689594357
13.54545454545454,-76.94893121693121,-76.54543915343915
13.57272727272727,-76.51961904761905,-76.07873721340388
13.6,-76.28911111111111,-75.86314991181658
13.62727272727273,-76.09212698412699,-75.6563950617284
13.65454545454545,-75.93378835978837,-75.50562257495591
13.68181818181818,-75.93341798941799,-75.52146031746032
13.70909090909091,-76.06023280423281,-75.65802821869488
13.73636363636364,-76.22326984126984,-75.83794356261022
13.76363636363636,-76.431291005291,-76.06118518518518
13.79090909090909,-76.5615343915344,-76.19932980599647
13.81818181818182,-76.57288888888888,-76.21361199294532
13.84545454545455,-76.58075132275133,-76.19955202821869
13.87272727272727,-76.33744973544974,-75.94228218694886
13.9,-76.45011640211641,-76.05027513227513
13.92727272727273,-76.289417989418,-75.87804232804233
13.95454545454545,-76.45521693121694,-76.04588712522046
13.98181818181818,-76.674708994709,-76.27197530864197
14.00909090909091,-76.79172486772487,-76.35285361552029
14.03636363636364,-77.0712380952381,-76.6418024691358
14.06363636363636,-77.01756613756613,-76.61229276895943
14.09090909090909,-77.09626455026455,-76.6754885361552
14.11818181818182,-76.85150264550265,-76.39645855379189
14.14545454545454,-76.73997883597883,-76.29168959435627
14.17272727272727,-76.56942857142857,-76.07632451499117
14.2,-76.46739682539682,-75.96496296296297
14.22727272727273,-76.47565079365079,-75.98402821869489
14.25454545454545,-76.46974603174603,-75.98777072310406
14.28181818181818,-76.56132275132275,-76.07754850088185
14.30909090909091,-76.64881481481481,-76.18447619047619
14.33636363636364,-76.74459259259258,-76.30312874779541
14.36363636363636,-76.82479365079365,-76.3892204585538
14.39090909090909,-76.88891005291006,-76.45376014109348
14.41818181818182,-76.88740740740741,-76.4441975308642
14.44545454545455,-76.82568253968255,-76.3559470899471
14.47272727272727,-76.74827513227513,-76.27612345679012
14.5,-76.69900529100529,-76.21784126984127
14.52727272727273,-76.69480423280423,-76.2246278659612
14.55454545454545,-76.80322751322751,-76.33887125220458
14.58181818181818,-76.99508994708995,-76.53824691358024
14.60909090909091,-77.20148148148148,-76.76028218694886
14.63636363636363,-77.44678306878306,-77.01494885361552
14.66363636363636,-77.54166137566138,-77.11589417989418
14.69090909090909,-77.68421164021164,-77.26396472663139
14.71818181818182,-77.59542857142857,-77.14683950617284
14.74545454545454,-77.56058201058201,-76.88663139329806
14.77272727272727,-77.41939682539682,-75.18370017636684
14.8,-77.27673015873016,-74.60814109347443
14.82727272727273,-77.27334391534392,-75.32889947089947
14.85454545454545,-77.19990476190476,-76.43949911816578
14.88181818181818,-77.1503492063492,-73.36712169312169
14.90909090909091,-77.25256084656085,-71.36920987654321
14.93636363636364,-77.21293121693122,-68.64538271604938
14.96363636363636,-77.21895238095237,-67.6927795414462
14.99090909090909,-77.18540740740741,-66.67052204585538
15.01818181818182,-77.09222222222222,-66.7631746031746
15.04545454545454,-77.1214074074074,-68.79230687830687
15.07272727272727,-76.99571428571429,-69.65899470899471
15.1,-77.16360846560846,-72.00976366843034
15.12727272727273,-77.313291005291,-75.24188007054674
15.15454545454545,-77.53122751322752,-77.15265608465609
15.18181818181818,-77.89194708994708,-77.12422222222222
15.20909090909091,-77.972708994709,-76.94039858906525
15.23636363636364,-78.23442328042329,-77.53809171075838
15.26363636363636,-78.26521693121693,-77.93006701940035
15.29090909090909,-78.3175238095238,-77.9879294532628
15.31818181818182,-78.23137566137567,-77.8847619047619
15.34545454545454,-78.12019047619047,-77.77622222222222
15.37272727272727,-78.12367195767196,-77.78416578483245
15.4,-78.12136507936508,-77.78125925925926
15.42727272727273,-78.16915343915343,-77.83825396825397
15.45454545454545,-78.35368253968254,-78.02675132275132
15.48181818181818,-78.41668783068783,-78.0896331569665
15.50909090909091,-78.46863492063493,-78.10632451499117
15.53636363636364,-78.5609417989418,-78.1598835978836
15.56363636363636,-78.39728042328042,-78.06588712522046
15.59090909090909,-78.29385185185185,-77.99697354497354
15.61818181818182,-78.05902645502645,-77.75953791887125
15.64545454545454,-78.2393544973545,-77.96785537918872
15.67272727272727,-78.088708994709,-77.80370017636685
15.7,-78.08455026455026,-77.81393298059965
15.72727272727273,-78.08519576719577,-77.81912874779542
15.75454545454545,-78.03734391534391,-77.77207054673721
15.78181818181818,-78.16508994708994,-77.91674779541447
15.80909090909091,-78.2111216931217,-77.96507231040565
15.83636363636364,-78.13738624338625,-77.88636331569664
15.86363636363636,-78.14529100529101,-77.9099647266314
15.89090909090909,-77.87167195767195,-77.63310052910052
15.91818181818182,-77.77484656084656,-77.5471569664903
15.94545454545455,-77.46683597883597,-77.23122751322751
15.97272727272727,-77.36542857142858,-77.13355908289242
16.0,-77.30246560846561,-77.06574603174603
